name,suburb,category,lng,lat,value,vouchers
1980 Chinese Restaurant,Acton,food & drinks,149.1250974,-35.2774003,2130,67
Azure Dragon/Urban By Asian Tiger,Acton,food & drinks,149.1201127,-35.2774868,1540,86
Botanical Bookshop,Acton,retail,149.108918,-35.278878,1180,28
Cafe Childers,Acton,food & drinks,149.1254639,-35.2768906,210,7
Char Char Thai,Acton,food & drinks,149.1207975,-35.2779499,1310,72
Hair Crew Studio,Acton,retail,149.1204226,-35.2780235,730,33
Hot Star Fried Chicken,Acton,food & drinks,149.1208441,-35.27781955,340,21
La Baguette By R&M,Acton,food & drinks,149.1222399,-35.2808366,180,12
Milligram ANU,Acton,food & drinks,149.1205097,-35.277667,570,35
Otto's Kiosk Cafe,Acton,food & drinks,149.1209618,-35.2775529,90,4
Palace Electric Cinema,Acton,food & drinks,149.1229319,-35.2849752,1010,34
Sharetea ANU,Acton,food & drinks,149.1203873,-35.2777068,100,10
Z Cosme Store,Acton,retail,149.1268246,-35.2793791,21010,543
Daily Market,Acton,retail,149.1202111,-35.2774536,4080,148
University Pharmacy,Acton,retail,149.1201705,-35.2775799,2610,73
What The Pho,Acton,food & drinks,149.1203418,-35.2776894,740,23
Edgars Inn,Ainslie,food & drinks,149.1450626,-35.2625333,1120,46
Thorson Photography,Ainslie,things to do,149.1451992,-35.2618722,150,3
Coffee Guru Amaroo,Amaroo,food & drinks,149.1320725,-35.1645604,110,8
Dollar Choice,Amaroo,retail,149.1319722,-35.164947,250,12
Gina Kingston,Amaroo,personal care,149.130854,-35.1722103,70,3
Die Schlachtschule,Aranda,things to do,149.0794239,-35.2551738,400,8
Noodle Castle,Banks,food & drinks,149.0958971,-35.4725649,600,21
Barton Grocer,Barton,retail,149.135661,-35.3060579,120,7
Cafe Brindabella,Barton,food & drinks,149.130368,-35.3099228,60,6
Lilotang,Barton,food & drinks,149.1340503,-35.311811,1470,36
Mudd The Spa,Barton,personal care,149.1329247,-35.3120799,4370,93
2 Yummy,Belconnen,food & drinks,149.0700087,-35.2361286,1080,54
54 Benjamin,Belconnen,food & drinks,149.067174,-35.2403484,50,1
Aliababa Belconnen Emu Bank,Belconnen,food & drinks,149.0709222,-35.2366703,210,7
Asian Noodle House Belconnen,Belconnen,food & drinks,149.0654939,-35.2356356,1580,52
Asian Supa,Belconnen,retail,149.0599495,-35.2421334,20390,592
Backbone BMX,Belconnen,retail,149.0714301,-35.2383181,680,16
Belco Halal Kebabs & Pizzeria,Belconnen,food & drinks,149.0638879,-35.2409031,1170,49
Belconnen Chicken,Belconnen,food & drinks,149.0673342,-35.2381662,2460,130
Belconnen Ski N Board,Belconnen,retail,149.0640378,-35.24168976,1120,28
Cafe @ Belco,Belconnen,food & drinks,149.0677795,-35.2369185,10,1
Cafe Cherry Beans Belconnen,Belconnen,food & drinks,149.065187,-35.2378367,10,1
Can Tho Vietnamese & Chinese Restaurant,Belconnen,food & drinks,149.063062,-35.24181,2300,116
Canberra City Gymnastics Club,Belconnen,things to do,149.0714452,-35.2427488,7270,149
Chatime Belconnen,Belconnen,food & drinks,149.0650422,-35.2380765,1160,58
Chemist Warehouse Belconnen Markets — Ibbott Lane,Belconnen,retail,149.0645897,-35.2461471,57190,1366
Chong Co Thai Belconnen,Belconnen,food & drinks,149.0650422,-35.2380765,2840,86
Cup of Joy,Belconnen,food & drinks,149.0650422,-35.2380765,130,7
Dee's Book & Comic Shop,Belconnen,retail,149.0630036,-35.2395443,2740,65
Dewok Noodle Bar,Belconnen,food & drinks,149.0673342,-35.2381662,800,34
Dhaka Cafe & Indian Restaurant,Belconnen,food & drinks,149.0608996,-35.23873548,450,14
Dymocks Belconnen,Belconnen,retail,149.0650422,-35.2380765,6930,220
EasyWay Belconnen,Belconnen,food & drinks,149.0650422,-35.2380765,810,34
Grappling Bros,Belconnen,things to do,149.0610918,-35.2376816,150,3
Growers Market Express,Belconnen,retail,149.0653636,-35.2458145,970,23
Hachiko Western Japanese Fusion,Belconnen,food & drinks,149.0700087,-35.2361286,360,12
Indepth Scuba,Belconnen,retail,149.058791,-35.241513,3770,76
Jade Spa Massage,Belconnen,retail,149.0678662,-35.2426183,3310,75
K Bar Karaoke,Belconnen,food & drinks,149.0700226,-35.2360725,1480,35
Knead Patisserie,Belconnen,food & drinks,149.0653649,-35.2458415,530,41
Koku Super Kare,Belconnen,food & drinks,149.0676271,-35.2423054,720,38
Lighthouse Pub,Belconnen,food & drinks,149.0748244,-35.2398237,430,23
Little Sandpiper,Belconnen,things to do,149.0650422,-35.2380765,3840,99
Luminous Hair Salon,Belconnen,retail,149.0591833,-35.2413801,120,3
Master Hin Dumplings,Belconnen,food & drinks,149.0650422,-35.2380765,70,5
Milk Flower Belconnen,Belconnen,food & drinks,149.0676271,-35.2423054,1640,85
Mirtsch Brero,Belconnen,food & drinks,149.0713962,-35.2369836,30,3
Neutral Grounds,Belconnen,food & drinks,149.0594735,-35.2423562,300,13
Orange Bean Cafe,Belconnen,food & drinks,149.0670314,-35.2378999,520,13
Oriental Groceries,Belconnen,retail,149.0630622,-35.2418099,37710,953
Panda Crepes,Belconnen,food & drinks,149.0650422,-35.2380765,1160,78
Pandora Belconnen & Pandora Canberra Centre,Belconnen,retail,149.0650422,-35.2380765,15470,345
Pilates with Dan,Belconnen,things to do,149.0639795,-35.2419565,2130,44
Potbelly Bar,Belconnen,food & drinks,149.062639,-35.24187,220,5
ProfessioNail Belconnen,Belconnen,personal care,149.0663602,-35.2382256,2530,93
Rashays Casual Dining Belconnen,Belconnen,food & drinks,149.0651904,-35.2380717,6430,231
Regal Restaurant Belconnen,Belconnen,food & drinks,149.0613556,-35.2385406,890,31
Remedy By LSR Belconnen,Belconnen,food & drinks,149.0678111,-35.2393022,220,10
Sakura Place,Belconnen,food & drinks,149.0650422,-35.2380765,180,16
Savoury Kitchen,Belconnen,food & drinks,149.0650422,-35.2380765,1100,51
Selections Bistro @ Belconnen Labor Club,Belconnen,food & drinks,149.0707295,-35.2403344,680,29
Sichuan Chinese Restaurant,Belconnen,food & drinks,149.0695953,-35.2361045,4730,145
Stella's By The Lake,Belconnen,food & drinks,149.0655091,-35.2359575,240,16
Subway Belconnen Westfield,Belconnen,food & drinks,149.0650422,-35.2380765,870,42
Super Emoji Belconnen,Belconnen,food & drinks,149.0650422,-35.2380765,1920,99
Sushi Musa Belconnen,Belconnen,food & drinks,149.065187,-35.2378367,3270,123
Sushi Sushi Belconnen 2,Belconnen,food & drinks,149.0650422,-35.2380765,650,44
Sushi Sushi Belconnen,Belconnen,food & drinks,149.0650422,-35.2380765,1010,69
Tasty Fish,Belconnen,food & drinks,149.0650422,-35.2380765,5310,214
Thai Ayutthaya Restaurant,Belconnen,food & drinks,149.0717572,-35.2376708,860,29
Thai Chiang Rai Belconnen,Belconnen,food & drinks,149.0709726,-35.2367308,2870,71
The Basement Canberra,Belconnen,food & drinks,149.0591805,-35.2403715,170,8
The Coffee Club Belconnen,Belconnen,food & drinks,149.0650422,-35.2380765,530,30
The Food Forum,Belconnen,retail,149.0650422,-35.2380765,10560,414
The Hungry Buddha,Belconnen,food & drinks,149.0596926,-35.2365416,900,23
The Source Bulk Foods Belconnen,Belconnen,retail,149.0650422,-35.2380765,2900,118
Tom's Superfruits,Belconnen,retail,149.0653763,-35.2459699,230,8
Turkish Kebab & Pizza Belconnen,Belconnen,food & drinks,149.0607422,-35.2367109,1740,77
U Accessories,Belconnen,retail,149.0650422,-35.2380765,610,28
UPS Belconnen Unit Trust,Belconnen,retail,149.0650422,-35.2380765,410,13
Wokitup! Belconnen,Belconnen,food & drinks,149.0714767,-35.2371567,250,17
Wood Tang,Belconnen,food & drinks,149.0700087,-35.2361286,540,14
Xi'an Famous Noodles,Belconnen,food & drinks,149.1368297,-35.25022722,2090,95
Yat Bun Tong Dumpling House Belconnen,Belconnen,food & drinks,149.0632101,-35.23766884,3670,114
Ziggys Fresh Belconnen,Belconnen,retail,149.0651268,-35.24575069,4120,185
CSIRO Discovery Cafe,Black Mountain,food & drinks,149.115243,-35.2732675,240,11
Jindii EcoSpa,Black Mountain,retail,149.108918,-35.278878,4550,93
Dilkara Australia,Bonner,personal care,149.1372231,-35.16408129,350,7
Axis Hairdressing,Braddon,personal care,149.1332414,-35.2726992,310,7
Blissiimo,Braddon,retail,149.1332839,-35.2719323,830,20
Bamiyan,Braddon,food & drinks,149.1328891,-35.2746759,2480,63
Beyond Pharmacy,Braddon,retail,149.132945,-35.2736557,1180,35
Blackfire Restaurant,Braddon,food & drinks,149.1317587,-35.273016,1290,27
Braddon Licensed Post Office & Newsagency,Braddon,retail,149.1330153,-35.2736019,700,14
Braddon Supermarket,Braddon,retail,149.1328023,-35.2640213,40,2
Casa Espresso,Braddon,food & drinks,149.1321567,-35.27470891,30,2
Charcoal Rooster,Braddon,food & drinks,149.1328023,-35.2640213,100,2
Ciao Cafe & Cakes Braddon,Braddon,food & drinks,149.1308625,-35.2737953,520,26
Debacle,Braddon,food & drinks,149.1332414,-35.2726992,290,11
Deco Hotel,Braddon,food & drinks,149.1324313,-35.2632119,410,12
EightyTwenty Food,Braddon,food & drinks,149.1329893,-35.2735623,710,38
Elemental Cafe,Braddon,food & drinks,149.1332839,-35.2719323,330,15
Flourish Yoga,Braddon,personal care,149.131661,-35.274559,450,9
Fricken,Braddon,food & drinks,149.1328465,-35.2745136,1320,58
Frugii Dessert Laboratory,Braddon,food & drinks,149.1326108,-35.2719619,1660,116
Gongcha Braddon,Braddon,food & drinks,149.1359974,-35.2787607,2300,76
KIN Gallery,Braddon,retail,149.1326108,-35.2719619,1220,25
Lonsdale St Cyclery,Braddon,retail,149.1323206,-35.2750152,2340,55
Milky Lonsdale Trading,Braddon,food & drinks,149.1324762,-35.2727395,670,23
Naked Foods,Braddon,food & drinks,149.1332323,-35.2717319,850,38
Nezuko,Braddon,retail,149.133257,-35.27173,3900,109
Oritea,Braddon,food & drinks,149.1355351,-35.2785248,2660,105
Phoebe Porter,Braddon,retail,149.1375415,-35.277866,250,5
POP Canberra,Braddon,food & drinks,149.1326108,-35.2719619,5620,175
Rye Cafe,Braddon,food & drinks,149.1322552,-35.2746173,490,33
Sancho's Dirty Laundry,Braddon,retail,149.1326108,-35.2719619,2330,51
SOULution Yoga,Braddon,personal care,149.1332839,-35.2719323,5890,125
TG-ONE Groceries,Braddon,food & drinks,149.1359974,-35.2787607,6410,187
The Italian Place Enoteca,Braddon,food & drinks,149.131755,-35.2729249,3180,90
Timber & Tailor Shop,Braddon,retail,149.1332646,-35.2718822,150,3
Trilogy Skateboards,Braddon,retail,149.1326769,-35.2717829,5620,122
White Chaco,Braddon,food & drinks,149.1326108,-35.2719619,1620,48
Why Aesthetics,Braddon,personal care,149.1330374,-35.2744699,100,2
Wokitup!,Braddon,food & drinks,149.1331212,-35.2727064,300,13
Yaki Boi,Braddon,food & drinks,149.1332839,-35.2719323,1430,55
Yat Bun Tong Dumpling House Braddon,Braddon,food & drinks,149.1328154,-35.27447421,1610,58
Arthritis ACT,Bruce,personal care,149.0920596,-35.2371501,320,9
Bruce Takeaway,Bruce,food & drinks,149.092121,-35.241275,300,20
Cafe Mizzuna,Bruce,food & drinks,149.0842616,-35.23843,80,4
Canberra Dragon Dance,Bruce,things to do,149.1018307,-35.2454861,540,16
Capital Chemist University of Canberra,Bruce,retail,149.0877074,-35.2347083,430,11
Oscar's Bakery Cafe,Bruce,food & drinks,149.0827705,-35.2390949,17980,408
Retro Cafe,Bruce,food & drinks,149.0877196,-35.2404971,1880,60
Serenity By G,Bruce,retail,149.0961041,-35.2443018,700,16
The Coffee Grounds UC,Bruce,food & drinks,149.0823941,-35.2390156,100,2
UC Esports Lounge,Bruce,things to do,149.0845431,-35.2381962,60,4
UC Supermarket,Bruce,food & drinks,149.082387,-35.237066,7600,243
Grand Court Chinese Restaurant,Calwell,food & drinks,149.113427,-35.434322,390,15
Merlin Mosaica,Calwell,retail,149.1170412,-35.4427701,5440,113
Coolbuy,Campbell,food & drinks,149.1438714,-35.2887474,10150,283
Je Fleur,Campbell,retail,149.1434919,-35.2891756,330,8
Chilada/VR Canberra,Canberra Airport,retail,149.1903758,-35.3001906,19630,489
Fat Goanna Cafe,Canberra Airport,food & drinks,149.1873772,-35.311488,360,21
Gossip Nail Salon,Canberra Airport,personal care,149.1903758,-35.3001906,840,23
Just Cuts Majura Park,Canberra Airport,personal care,149.1903758,-35.3001906,300,15
Latorta,Canberra Airport,retail,149.1903758,-35.3001906,5520,153
Lollipop's Playland & Cafe Canberra,Canberra Airport,things to do,149.1903758,-35.3001906,500,13
B & B Emporium,Casey,retail,149.0953865,-35.1743655,910,37
Fresh Seafood Canberra,Casey,retail,149.0953865,-35.1743655,3610,97
Lokma Turkish Cuisine,Casey,food & drinks,149.0953865,-35.1743655,1990,95
Greenaway Studio,Chapman,retail,149.0472136,-35.3595413,50,1
Charnies Noodles & Dumplings,Charnwood,food & drinks,149.0333759,-35.2051024,650,17
Designher Beauty,Charnwood,personal care,149.0341032,-35.2045858,40,2
Venetia Major — Bespoke Jewellery,Charnwood,retail,149.0326914,-35.2019535,150,3
A Bite to Eat,Chifley,food & drinks,149.0759174,-35.3523665,1110,39
Warehouse Circus,Chifley,things to do,149.078303,-35.3529984,1140,24
Capital Chemist Chisholm,Chisholm,retail,149.1282207,-35.4140008,2050,56
Chisholm Newsagency & Post Office,Chisholm,retail,149.128594,-35.414024,1660,40
Lisa Chinese Restaurant,Chisholm,food & drinks,149.1282207,-35.4140008,1620,48
The Public Place @ Chisholm,Chisholm,food & drinks,149.1283047,-35.4138506,140,8
106 Hotpot,City,food & drinks,149.1299155,-35.2786945,580,18
21 Capital Mart,City,food & drinks,149.1248347,-35.2845174,70,3
6th Position,City,things to do,149.1325963,-35.2790247,760,17
88mph,City,food & drinks,149.1264665,-35.2791153,190,5
Ai Buy Market,City,retail,149.1283462,-35.27802,5720,245
Anton's Hair Studio,City,personal care,149.1317431,-35.27793066,270,8
Arnold & Co Jewellers,City,retail,149.1332051,-35.2801193,710,16
ATNL Nails Spa & Beauty,City,personal care,149.1332559,-35.2802271,500,15
Australian Choice,City,retail,149.1332559,-35.2802271,1390,38
B One Restaurant,City,food & drinks,149.1278937,-35.2791538,1730,56
Baby Su,City,food & drinks,149.1269143,-35.2784724,1840,115
Bashan,City,food & drinks,149.1268246,-35.2793791,1050,61
Bearded Bean,City,food & drinks,149.1320034,-35.2770273,90,7
Beautying,City,personal care,149.1268246,-35.2793791,910,25
Bleachers Sports Bar,City,food & drinks,149.1286841,-35.2791128,480,16
Blu Ginger Indian Restaurant,City,food & drinks,149.13197,-35.27704,3110,84
Brazilian Butterfly,City,personal care,149.1316597,-35.2781319,40,2
Brightco,City,food & drinks,149.1787336,-35.3369663,100,4
Cafe Alibi,City,food & drinks,149.1244922,-35.281129,170,10
Caffe Cherry Beans Canberra Centre,City,food & drinks,149.1331973,-35.27927097,280,15
Canberra Dance Theatre,City,things to do,149.1259483,-35.2756519,900,18
Canberra Day Spa,City,personal care,149.132598,-35.282067,3570,75
Canberra Repertory Society,City,things to do,149.1223771,-35.2815651,200,4
Chez Kimchi,City,food & drinks,149.132146,-35.278043,810,32
Civic Asian Noodle House,City,food & drinks,149.128732,-35.2788415,460,25
Civic Shoes,City,retail,149.1309607,-35.2794679,880,20
CoCo Fresh Tea & Juice,City,food & drinks,149.1313113,-35.2789037,760,67
Corner Drinks,City,food & drinks,149.1321174,-35.2815698,40,4
Craft ACT: Craft & Design Centre,City,retail,149.1308614,-35.2805169,720,15
Daily Market City & Gungahlin,City,retail,149.1252642,-35.2766469,67700,1918
Dash Jolimont,City,food & drinks,149.1288859,-35.2776503,110,7
Dendy Cinemas Canberra,City,food & drinks,149.132719,-35.2769416,6560,236
Dobinsons Bakery,City,food & drinks,149.133948,-35.279788,600,48
Dumpling King Canberra City,City,food & drinks,149.1315115,-35.2784178,590,22
Dymocks Canberra,City,retail,149.1332559,-35.2802271,10160,286
East Row Specialty Coffee,City,food & drinks,149.1303094,-35.2794628,700,42
Emart,City,retail,149.1271158,-35.2787029,15500,460
Frawley's,City,retail,149.1323189,-35.2784834,1490,31
Freshii,City,food & drinks,149.1333772,-35.2822087,20,2
Gentle Nails,City,personal care,149.1321813,-35.277888,70,4
Golden Drum,City,food & drinks,149.1244886,-35.2787102,9980,257
Green Bean On Moore,City,food & drinks,149.1279799,-35.2758978,2060,91
Gus' Place,City,food & drinks,149.1319095,-35.2778279,430,27
Guzman Y Gomez Canberra Centre/Belconnen/Gungahlin,City,food & drinks,149.1332611,-35.27844309,3310,212
Happy's Chinese Restaurant,City,food & drinks,149.131573,-35.27814,3750,105
"Hero Sushi Canberra Train, Hero Sushi Constitution Place",City,food & drinks,149.1332559,-35.2802271,1610,87
Higher Function Physio & Pilates,City,personal care,149.1309915,-35.279304,1070,22
Hokka Hokka,City,food & drinks,149.1332387,-35.2802938,130,11
Impact Comics,City,retail,149.1321213,-35.2785474,7520,208
Indian Accent,City,food & drinks,149.127888,-35.2789342,960,33
Izumi,City,food & drinks,149.125981,-35.279338,220,14
J & J Hair,City,retail,149.1269143,-35.2784724,460,17
Just Cuts Canberra Centre,City,personal care,149.1325496,-35.2804061,190,11
Ka Sushi Ramen,City,food & drinks,149.126001,-35.2782627,1360,85
Kan Sushi & Poke,City,food & drinks,149.1321973,-35.28223802,380,18
Ken Cook Menswear,City,retail,149.1309904,-35.2797477,340,8
Kmotion Dance Studio,City,things to do,149.1295931,-35.2787271,990,23
Kokomo's,City,food & drinks,149.1319645,-35.27727277,350,11
Landspeed Records,City,retail,149.1324156,-35.2784521,6190,152
Lanzhou Beef Noodle,City,food & drinks,149.1257216,-35.2798376,3910,122
Latin Dance Canberra,City,retail,149.1310694,-35.2784171,1580,39
Malatang Zhangliang,City,food & drinks,149.1269143,-35.2784724,1690,106
Mayfair Espresso Cafe,City,food & drinks,149.1269143,-35.2784724,2120,76
McGlades Jewellers,City,retail,149.1316862,-35.27900967,210,6
Men's Biz,City,personal care,149.1332559,-35.2802271,2510,75
Ming's Pantry Malaysian Street Food,City,food & drinks,149.1274805,-35.2784235,1330,67
Molly,City,food & drinks,149.1284426,-35.2790606,1840,53
Moment Concept Tea,City,food & drinks,149.1332559,-35.2802271,500,35
Nikki Cosmo,City,retail,149.1322478,-35.2779174,13330,324
NoNo Nail,City,personal care,149.1311928,-35.2796703,1620,44
Nosh,City,food & drinks,149.1332559,-35.2802271,230,15
O2 Hair,City,personal care,149.1252642,-35.2766469,6280,169
Oliver Brown Civic,City,food & drinks,149.1324885,-35.2781451,280,22
Oporto Civic,City,food & drinks,149.1325375,-35.2783638,2200,69
PappaRich Canberra,City,food & drinks,149.1333733,-35.2776523,4170,184
Passiontree Velvet,City,food & drinks,149.1332387,-35.2802938,370,24
Pedal Power ACT,City,things to do,149.132358,-35.2770919,7140,144
Playing Fields,City,food & drinks,149.1338732,-35.2829614,600,25
Psychedeli,City,food & drinks,149.12713,-35.27562447,1370,57
Raku Dining,City,food & drinks,149.1332559,-35.2802271,18230,371
Redpath Shoes,City,retail,149.1319998,-35.2786937,1360,33
Reload Bar & Games,City,food & drinks,149.1295256,-35.2790889,60,5
Rojo Customs,City,retail,149.131596,-35.2794762,230,7
Saloon,City,personal care,149.1314316,-35.2825697,340,10
Sly Fox Coffee,City,food & drinks,149.052996,-35.2123129,1120,26
Smith's Alternative,City,food & drinks,149.1287092,-35.2785319,20,1
Solita Pizzeria & Pasta Bar,City,food & drinks,149.1311928,-35.2796703,1450,48
Songland Records,City,retail,149.0526436,-35.3412617,3470,78
Soul Origin Canberra Centre & Belconnen,City,food & drinks,149.1332559,-35.2802271,520,43
Subway Canberra House,City,food & drinks,149.1268861,-35.2786791,1730,61
Super Emoji City Walk,City,food & drinks,149.1314772,-35.2784685,7800,302
Superfine Cafe,City,food & drinks,149.1304167,-35.277484,980,32
Sushi Sushi Canberra Central 2,City,food & drinks,149.1309146,-35.2775189,270,22
Sycamore Medi Spa,City,retail,149.1326556,-35.2811779,28840,662
Tasting China,City,food & drinks,149.1332512,-35.279034,5870,168
Temporada,City,food & drinks,149.1277665,-35.2761886,1980,44
The Goods Wholefoods,City,food & drinks,149.1269143,-35.2784724,130,12
The Green House Coffee,City,food & drinks,149.1332559,-35.2802271,480,30
The Highball Express,City,food & drinks,149.1286793,-35.2785377,710,23
The Hospitality Shop,City,retail,149.13197,-35.27704,2380,64
The Street Theatre,City,things to do,149.1239742,-35.2785758,270,9
Top Class Spicy Hot Pot,City,food & drinks,149.1252731,-35.2760537,1550,67
Truefitt & Hill,City,retail,149.1320034,-35.2770273,3640,77
Two Peck Crispy Chicken,City,food & drinks,149.1268246,-35.2793791,760,58
Whale Tea,City,food & drinks,149.1332144,-35.2819498,280,19
Wild Panda,City,food & drinks,149.1269143,-35.2784724,1900,103
Yum Cha CBD,City,food & drinks,149.1279212,-35.2790051,19100,531
Zambrero,City,food & drinks,149.1306215,-35.2785428,210,14
Biangbiang Noodles CBD,City,food & drinks,149.1332559,-35.2802271,1420,76
CBD Dumpling House,City,food & drinks,149.1332559,-35.2802271,3720,120
Cocorea,City,food & drinks,149.1330864,-35.2776183,480,22
Courtyard By Milkcrate,City,food & drinks,149.128557,-35.276344,300,8
Gami Chicken & Beer Canberra,City,food & drinks,149.1337175,-35.2794658,1910,74
Hey Show Karaoke,City,food & drinks,149.1303226,-35.279129,4650,126
Honkytonks,City,food & drinks,149.1315669,-35.2783679,1340,43
Kismet Turkish Gourmet,City,food & drinks,149.1256936,-35.2787745,20,2
Little Steamer,City,food & drinks,149.1268246,-35.2793791,1730,53
Mookie Burger,City,food & drinks,149.1320518,-35.2770055,690,38
Multi Yummy,City,food & drinks,149.1259097,-35.279378,770,32
Shook,City,food & drinks,149.1268246,-35.2793791,1580,83
Tasuke,City,food & drinks,149.1302697,-35.2789078,470,21
Terra,City,food & drinks,149.1270195,-35.2785395,1730,82
Token Arcade & Kitchen,City,food & drinks,149.1300092,-35.2809368,370,19
Amici Wine Bar & Deli,City,food & drinks,149.1288598,-35.27847789,1280,32
Handy Seven,Conder,retail,149.0924747,-35.457682,1610,36
M & K Meats,Conder,retail,149.0924747,-35.457682,1660,35
Canberra Jewellery Repair & Restoration,Cook,retail,149.0635884,-35.2591422,1100,22
Emma Strapps Shiatsu,Cook,personal care,149.063756,-35.2590383,120,3
Little Oink,Cook,food & drinks,149.0635185,-35.2591111,240,17
To All My Friends,Cook,food & drinks,149.0634528,-35.2591213,480,17
Capital Chemist Crace,Crace,retail,149.107315,-35.2020564,3520,104
Daana,Curtin,food & drinks,149.0801637,-35.3331795,860,19
Deakin Iga Supermarket,Deakin,retail,149.1080492,-35.315011,8720,253
EQ Cafe & Lounge,Deakin,food & drinks,149.0973932,-35.320475,570,22
7FA.EVENTS,Dickson,things to do,149.1352298,-35.2506136,180,8
Birdieball Australia,Dickson,retail,149.139722,-35.2525,50,1
Capital Chemist Dickson,Dickson,retail,149.1388023,-35.25042,5630,205
Centrepiece Creol,Dickson,retail,149.1392721,-35.2502635,20,1
CG's Discount Tobacconist & Gifts,Dickson,retail,149.1392721,-35.2502635,50,1
Chic Gourmet,Dickson,food & drinks,149.1363701,-35.2507064,6460,168
Chongqing Street Noodle,Dickson,food & drinks,149.1363986,-35.2505346,1660,107
Co.BAR,Dickson,food & drinks,149.1363181,-35.2509868,2750,85
Cosmo Hair & Beauty,Dickson,personal care,149.1358418,-35.2496307,690,15
Deji Asian Supermarket,Dickson,retail,149.1363799,-35.2506612,44850,1286
Dickson Dumpling House,Dickson,food & drinks,149.1363642,-35.2513631,2900,95
Flavours of Jiangnan,Dickson,food & drinks,149.1376109,-35.2516275,630,22
Folks Gallery,Dickson,food & drinks,149.1370319,-35.2515734,1210,45
Hangari Kimchi,Dickson,food & drinks,149.1365848,-35.2497131,2330,76
Hanok Korean BBQ Dickson,Dickson,food & drinks,149.136369,-35.2494368,4790,115
Hing Shing Butchery,Dickson,retail,149.1365805,-35.24962212,8200,273
Holy Nails Spa/Queen Bee Beauty Studio,Dickson,personal care,149.1394444,-35.2502778,370,15
Jimmy's Place,Dickson,food & drinks,149.1368264,-35.24953798,10610,278
KaransKloset,Dickson,retail,149.1392721,-35.2502635,70,2
Little Wu Jianbing,Dickson,food & drinks,149.1375122,-35.2516175,640,39
Lost River Meat,Dickson,food & drinks,149.1374279,-35.2505604,12920,371
Mega Convenience Store,Dickson,retail,149.1371859,-35.2495471,29600,890
MK Butcher,Dickson,retail,149.1370319,-35.2515734,11110,344
My Mom's Yangpyeong Haejanggook,Dickson,food & drinks,149.1364235,-35.2493046,2410,81
My Rainbow Dreams,Dickson,food & drinks,149.1392721,-35.2502635,220,10
Noodle Choice,Dickson,food & drinks,149.1369842,-35.2509193,110,5
Panda Fresh Mart,Dickson,food & drinks,149.1369418,-35.2504733,23320,927
"Saigon Asian Food, Retail & Wholesale",Dickson,food & drinks,149.1391977,-35.2505753,30510,764
Sharetea Dickson,Dickson,food & drinks,149.1375122,-35.2516175,880,76
Soundbox Karaoke & Bar,Dickson,things to do,149.1369418,-35.2504733,1410,46
Spilt Milk Bar,Dickson,food & drinks,149.1360254,-35.2513886,830,54
Super Bao,Dickson,food & drinks,149.1370319,-35.2515734,2400,81
Tak Kee Roast Inn,Dickson,food & drinks,149.1368523,-35.2506696,9300,418
The Scholar Chinese Seafood Restaurant,Dickson,food & drinks,149.1364072,-35.2504443,7650,230
The Source Bulk Foods Dickson,Dickson,retail,149.1397664,-35.2506133,1390,59
Tip Toe Nail Salon,Dickson,personal care,149.1390244,-35.2505063,70,4
Top Goods,Dickson,retail,149.1376416,-35.2501611,2900,75
Trevs @ Dickson,Dickson,food & drinks,149.1357955,-35.249827,1120,33
Trove Canberra,Dickson,retail,149.1392721,-35.2502635,640,26
Tune Bikeworks,Dickson,retail,149.1391123,-35.2503505,1100,25
Two Sisters Lao Thai Cuisine,Dickson,food & drinks,149.1375001,-35.2499963,1680,50
Wukong Hotpot & Super Emoji,Dickson,food & drinks,149.1368739,-35.2514243,29810,878
WuYu Cuisine,Dickson,food & drinks,149.1368728,-35.2503459,1810,57
Xi'an Famous Food Dickson,Dickson,food & drinks,149.1369418,-35.2504733,2030,120
Zambrero Dickson,Dickson,food & drinks,149.137305,-35.249488,130,10
Here Collective,Downer,retail,149.144608,-35.245264,10130,211
Playground Training,Downer,personal care,149.1470326,-35.2454743,1370,28
Beautique Smiles,Dunlop,personal care,149.0291722,-35.1890218,50,1
House of Desserts,Dunlop,food & drinks,149.0316891,-35.1911254,480,21
Herbert's at Evatt,Evatt,food & drinks,149.0739971,-35.208861,1000,29
INSKINCARE,Evatt,retail,149.0736739,-35.2089308,300,10
Luxe Tanning & Lash Studio (formally Luscious Glow),Evatt,personal care,149.0712884,-35.2094397,220,5
Tuggeranong Therapeutic Massage,Fadden,personal care,149.118503,-35.404925,1850,37
KillingPrints,Farrer,retail,149.0959243,-35.3734692,10,1
Pure Pod — Sustainable,Farrer,retail,149.0954986,-35.3748252,210,6
The Mustang Nepalese Restaurant & Bar,Farrer,food & drinks,149.1016081,-35.3755493,910,22
Foodworks Forde,Forde,retail,149.1426139,-35.1715314,470,17
Jimmy's Palace Restaurant,Forde,food & drinks,149.1428,-35.1713012,1040,30
Launch Pad,Forde,things to do,149.144655,-35.1780739,200,4
Mulligans Flat,Forde,things to do,149.1424881,-35.171666,130,4
Forrest Hotel & Apartments,Forrest,accommodation,149.1279859,-35.3156219,130,4
Canberra Hopper Hut,Franklin,food & drinks,149.150374,-35.1935842,1070,34
Coffee Guru Franklin,Franklin,food & drinks,149.1486233,-35.1996245,1280,52
Fresco Seafood,Franklin,food & drinks,149.1485299,-35.2005454,23510,723
Lion City,Franklin,food & drinks,149.1504567,-35.1930852,2430,99
Fook Lee Sheng Chinese Take Away,Fraser,food & drinks,149.0435938,-35.192986,80,4
Adam & Eve,Fyshwick,retail,149.1811836,-35.32269337,1220,34
Axxe,Fyshwick,things to do,149.1729423,-35.3287887,1240,29
Bags to Go,Fyshwick,retail,149.1789851,-35.3223167,450,11
BDL Car Stereo,Fyshwick,retail,149.1728799,-35.3238492,200,4
Blue Ink Group,Fyshwick,retail,149.1847952,-35.3285859,50,1
Cake Decorating Solutions,Fyshwick,retail,149.1770217,-35.32634053,930,26
Canberra Caravan & 4X4 Centre,Fyshwick,retail,149.1757005,-35.3245351,100,2
Cannoli Brothers,Fyshwick,food & drinks,149.1785063,-35.3271717,90,3
Carpet Factory,Fyshwick,retail,149.1778781,-35.3243549,150,3
Designer Op Shop Emporium,Fyshwick,food & drinks,149.1729423,-35.3287887,670,19
Donut King Canberra DFO,Fyshwick,food & drinks,149.1784548,-35.3366664,150,9
Drummond Golf Fyshwick,Fyshwick,retail,149.1749615,-35.3216316,3750,81
EBEST Canberra,Fyshwick,retail,149.1829936,-35.3240087,23720,621
Elaine's Gourmet Pies,Fyshwick,food & drinks,149.1794161,-35.3242757,310,14
Empreus IT Support,Fyshwick,retail,149.1787287,-35.3238793,50,1
FishCo Fish Market,Fyshwick,retail,149.1541652,-35.322675,2760,71
Flow Yoga Canberra,Fyshwick,personal care,149.1633405,-35.3168456,280,8
Gingerfinch,Fyshwick,retail,149.1672149,-35.3322199,580,13
Green Tea En,Fyshwick,food & drinks,149.1549571,-35.3241641,200,7
Guifeng Zhou,Fyshwick,retail,149.1721347,-35.3281731,210,5
Gymquip Fitness & Spas,Fyshwick,retail,149.1749615,-35.3216316,950,22
Hadfield Painting Studio,Fyshwick,retail,149.1786858,-35.3232623,1330,32
Homemakers,Fyshwick,retail,149.1786827,-35.3367379,150,3
Horseland Canberra,Fyshwick,retail,149.1641713,-35.3278538,490,13
Intersport Fyshwick,Fyshwick,retail,149.1765768,-35.3337327,3190,83
ION DNA Electric Vehicles,Fyshwick,retail,149.1844441,-35.3262866,200,4
Jasper & Myrtle Chocolates,Fyshwick,food & drinks,149.174,-35.329,600,21
Kidzplore Indoor Play Centre,Fyshwick,things to do,149.1633405,-35.3168456,1530,36
Lisa Cahill | Atelier 818,Fyshwick,retail,149.176288,-35.33293429,350,7
Lollypotz,Fyshwick,retail,149.1746474,-35.3251537,20,1
Love Food Catering,Fyshwick,food & drinks,149.1562665,-35.3237154,60,2
Mamak Lunch,Fyshwick,food & drinks,149.1786827,-35.3367379,390,19
Melted Toasted Sandwich Emporium,Fyshwick,food & drinks,149.1681197,-35.3334449,290,22
Military Shop,Fyshwick,retail,149.1740246,-35.3232907,380,12
Mont Adventure Equipment,Fyshwick,retail,149.1704072,-35.3258816,9620,213
Motherly Instincts,Fyshwick,retail,149.1798932,-35.3251886,1850,42
Mountain Strong,Fyshwick,things to do,149.1824626,-35.3297909,1440,33
Mr Papa — Peruvian Street Food,Fyshwick,food & drinks,149.1718654,-35.3280197,1020,44
Muay Tings,Fyshwick,retail,149.1826692,-35.3249916,100,2
Muay U,Fyshwick,things to do,149.1826692,-35.3249916,120,3
Nassis Snack Bar,Fyshwick,food & drinks,149.173169,-35.32352,10,1
Perform Australia,Fyshwick,things to do,149.1732115,-35.3336004,200,4
Plastic Creations,Fyshwick,retail,149.1779242,-35.3234092,560,13
Quizzic Alley,Fyshwick,retail,149.1699879,-35.325611,1340,32
Revelation Puzzle Rooms,Fyshwick,things to do,149.184295,-35.324569,250,7
Rusden Europro Automotive,Fyshwick,retail,149.1752756,-35.328281,10260,222
Sharwood Hampers,Fyshwick,retail,149.1835518,-35.32733994,150,3
Spaza Store,Fyshwick,retail,149.1547409,-35.3241608,510,14
Straight Line Sports,Fyshwick,retail,149.1707886,-35.3257755,3400,76
Tackle World Canberra,Fyshwick,retail,149.1819591,-35.3246525,8590,179
The Bank Indoor Skate Park,Fyshwick,things to do,149.1836643,-35.3313687,1120,23
The Battery Factory,Fyshwick,retail,149.1755694,-35.3273611,50,1
The Coffee Club Canberra Outlet Centre,Fyshwick,food & drinks,149.1786185,-35.3375099,180,12
The Muesli Bar,Fyshwick,retail,149.180144,-35.3242312,60,4
The Plastic Free Shop,Fyshwick,retail,149.1562665,-35.3237154,450,14
Tjm Canberra,Fyshwick,retail,149.1708783,-35.3254902,1090,23
Toyworld Fyshwick & Toyworld Belconnen,Fyshwick,retail,149.1757916,-35.331396,12140,302
Via & BC,Fyshwick,retail,149.1777792,-35.337436,2420,58
Vietnamese Bakery & Cafe,Fyshwick,food & drinks,149.1718879,-35.3265702,220,9
Wok Me,Fyshwick,food & drinks,149.1784548,-35.3366664,760,31
Workin' Gear,Fyshwick,retail,149.1750519,-35.323836,3020,67
Yan Capital Motors,Fyshwick,retail,149.1713943,-35.3260042,70,3
Ziggys Fresh Fyshwick,Fyshwick,retail,149.155024,-35.32319212,3090,125
Accelerate Physiotherapy,Garran,personal care,149.1078307,-35.3420415,540,12
Colleen's Lingerie & Swimwear,Garran,retail,149.1082196,-35.3424587,1310,28
Garran Kitchen,Garran,food & drinks,149.1081542,-35.3423222,640,21
About Face Beauty & Anti Ageing Salon,Greenway,retail,149.0698197,-35.4197902,180,5
Across The Board Cake Decorating,Greenway,retail,149.0682154,-35.4157809,7450,174
Akikambara,Greenway,retail,149.0678568,-35.4153694,6050,132
Arnold's Ribs & Pizza,Greenway,food & drinks,149.065965,-35.4184151,240,11
Books R Us & More,Greenway,retail,149.0665317,-35.4167822,1090,40
Caffe Cherry Beans Tuggeranong,Greenway,food & drinks,149.0662918,-35.4152373,520,33
Caffe Luxxe Espresso,Greenway,food & drinks,149.0665317,-35.4167822,100,2
Canberra Cafe & Restaurant,Greenway,food & drinks,149.0677873,-35.4179638,50,4
Chalisa Indian Restaurant,Greenway,food & drinks,149.0665317,-35.4167822,920,29
Chong Co Tuggeranong,Greenway,food & drinks,149.0717123,-35.4197933,1580,48
Elegant Image Day Spa Medi Spa,Greenway,retail,149.0681013,-35.4158492,440,12
Home & Giving,Greenway,retail,149.0665317,-35.4167822,430,11
Jazzercise South Canberra,Greenway,things to do,149.0660635,-35.4185821,370,14
Lewrap Tuggeranong,Greenway,food & drinks,149.0665317,-35.4167822,90,5
Limelight Cinemas,Greenway,things to do,149.0665317,-35.4167822,4680,135
Mookie Burger Tuggeranong,Greenway,food & drinks,149.0668468,-35.4163317,1640,68
Passionails,Greenway,personal care,149.0686124,-35.4169362,1040,31
Quick Wok,Greenway,food & drinks,149.067418,-35.4161479,70,7
Rashays Tuggeranong,Greenway,food & drinks,149.0665317,-35.4167822,2920,133
Sharetea Tuggeranong,Greenway,food & drinks,149.0665317,-35.4167822,370,27
Smart Dollar Tuggeranong,Greenway,retail,149.0660018,-35.41664063,3230,166
Supreme Massage,Greenway,personal care,149.0668468,-35.4163317,880,24
Swagat Grocers & Convenience Store,Greenway,food & drinks,149.0699459,-35.4199586,610,13
The Coffee Club Tuggernnong,Greenway,food & drinks,149.0665317,-35.4167822,660,29
Urban Fresh Sushi,Greenway,food & drinks,149.0677495,-35.4179174,350,14
Vanilla Pod Pizza & Pasta Bar,Greenway,food & drinks,149.0668468,-35.4163317,890,34
Zambrero Tuggeranong,Greenway,food & drinks,149.0676897,-35.4159587,770,48
5 Senses Gourmet Cafe,Greenway,food & drinks,149.0665317,-35.4167822,130,4
Amaznails,Greenway,personal care,149.0678568,-35.4153694,60,3
Boost Juice Tuggeranong/Woden/Fyshwick,Greenway,food & drinks,149.0665317,-35.4167822,210,16
Fernwood Fitness Tuggeranong,Greenway,personal care,149.067559,-35.4189373,170,5
Gametraders Hyperdome,Greenway,retail,149.0665317,-35.4167822,3850,109
Hero Sushi Tuggeranong Miki Sushi Woden,Greenway,food & drinks,149.0665317,-35.4167822,1110,56
Pandora Tuggeranong,Greenway,retail,149.0665317,-35.4167822,7530,171
Asian Arts Manuka,Griffith,retail,149.1322666,-35.3196423,170,4
Bambusa Asian Cuisine,Griffith,food & drinks,149.1325592,-35.3199542,2290,60
Cafe Friends,Griffith,food & drinks,149.1318233,-35.3200791,30,2
Capital Star Nails & Beauty,Griffith,personal care,149.1316371,-35.3200245,100,4
Just Cuts Manuka & Fyshwick,Griffith,personal care,149.134123,-35.321002,530,22
McDonald's Manuka,Griffith,food & drinks,149.1334712,-35.3203347,400,28
My Cafe,Griffith,food & drinks,149.1328657,-35.3200861,110,7
Timmy's Kitchen,Griffith,food & drinks,149.1318423,-35.3199218,1210,47
Typica Cafe Manuka,Griffith,food & drinks,149.1324319,-35.3204702,660,20
Wolfie,Griffith,retail,149.1325625,-35.3205902,2270,54
Woolshed at Manuka,Griffith,retail,149.1326418,-35.3208534,1290,38
Belluci's Manuka,Griffith,food & drinks,149.1324215,-35.3196219,2190,53
Home French Home,Griffith,retail,149.1327229,-35.3201547,850,19
Italian Brothers,Griffith,food & drinks,149.1327229,-35.3201547,980,31
Lilly Cooper,Griffith,retail,149.1329536,-35.3205004,2230,60
Ohsama Ramen,Griffith,food & drinks,149.1331763,-35.3204671,570,15
Trecento Restaurant,Griffith,food & drinks,149.1341946,-35.3210247,630,17
Zambrero Manuka,Griffith,food & drinks,149.1341509,-35.3208748,120,11
ACT Fruit Veg & Butcher,Gungahlin,food & drinks,149.1371932,-35.1848955,9760,270
Amita Beauty & Hair Parlour,Gungahlin,personal care,149.1386664,-35.1803739,960,22
Anthos Flowers,Gungahlin,retail,149.1360261,-35.1863683,220,10
Asian Tea House,Gungahlin,food & drinks,149.1351634,-35.18597739,1430,67
Beauty Central,Gungahlin,personal care,149.1347762,-35.1846599,3360,86
Boost Juice Marketplace Gungahlin,Gungahlin,food & drinks,149.1347762,-35.1846599,210,11
Caffe Cherry Beans Gungahlin,Gungahlin,food & drinks,149.1337286,-35.1854625,350,26
Continental Grocery & Halal Meat,Gungahlin,food & drinks,149.1370419,-35.1846636,7600,199
DaMingle,Gungahlin,food & drinks,149.1359757,-35.1863719,1780,60
Desi Bazzar,Gungahlin,food & drinks,149.136488,-35.1848047,19070,447
Donut King Gungahlin,Gungahlin,food & drinks,149.1367644,-35.1868916,190,18
Event Corner,Gungahlin,retail,149.1353419,-35.18239551,1650,33
Fernwood Fitness Gungahlin,Gungahlin,things to do,149.1337286,-35.1854625,460,11
Fortune Box,Gungahlin,food & drinks,149.1359097,-35.1854307,5650,180
Gelca,Gungahlin,personal care,149.1340107,-35.1850405,120,9
Ginger & Spice,Gungahlin,food & drinks,149.1353025,-35.1853985,17030,499
Gloww Beauty,Gungahlin,personal care,149.1347762,-35.1846599,260,10
Gongcha Gungahlin,Gungahlin,food & drinks,149.1360261,-35.1863683,990,84
Goodyear Autocare Gungahlin,Gungahlin,retail,149.125636,-35.1850835,1020,21
Gungahlin Centre News,Gungahlin,retail,149.1347762,-35.1846599,1070,38
Gungahlin Massage Centre,Gungahlin,personal care,149.1347447,-35.18482698,2590,77
Happy Hair Day,Gungahlin,personal care,149.1350983,-35.1828591,940,31
Health First Chinese Acupressure Massage,Gungahlin,personal care,149.135972,-35.186322,1800,50
Healthy Start Discount Vitamins,Gungahlin,retail,149.1359867,-35.18614398,2080,67
Hongtao Gao,Gungahlin,retail,149.1384468,-35.1837063,3950,113
Jasmine House Family Restaurant,Gungahlin,food & drinks,149.1310572,-35.1837539,2590,79
Korner Tapri,Gungahlin,food & drinks,149.1347762,-35.1846599,2240,85
La Empanada,Gungahlin,food & drinks,149.1353278,-35.1853507,530,21
Loveofballoon,Gungahlin,retail,149.1299195,-35.181994,190,7
Mani Asian Supermarket,Gungahlin,food & drinks,149.134343,-35.186077,29990,883
Number 1 Spicy Noodle,Gungahlin,food & drinks,149.135972,-35.186322,2010,117
Ogawa Japanese Cuisine,Gungahlin,food & drinks,149.135589,-35.1847014,2440,81
OnSon Thai Massage & Day Spa,Gungahlin,personal care,149.1371871,-35.185035,2310,51
Pharmacy Select Gungahlin,Gungahlin,retail,149.1363953,-35.185927,4700,159
Runway 13 — Hobby Retail & Wholesale,Gungahlin,retail,149.1382402,-35.1782518,860,19
Sharetea Gungahlin,Gungahlin,food & drinks,149.133036,-35.1852318,540,50
Simply Pho,Gungahlin,food & drinks,149.134769,-35.185032,1350,51
Siren Bar & Restaurant,Gungahlin,food & drinks,149.1318931,-35.183327,220,7
Sox Star,Gungahlin,retail,149.1337286,-35.1854625,200,9
Story Room Canberra,Gungahlin,retail,149.1350983,-35.1828591,3950,105
Sunday In Canberra,Gungahlin,food & drinks,149.135589,-35.1847014,360,20
Super Emoji Gungahlin,Gungahlin,food & drinks,149.1294005,-35.18183797,5040,194
Sydney Rams,Gungahlin,retail,149.1331888,-35.1848509,1160,30
The Coffee Club Gungahlin,Gungahlin,food & drinks,149.1335369,-35.1854481,260,11
The Creamery & Co,Gungahlin,food & drinks,149.1347762,-35.1846599,280,20
The Tongdak,Gungahlin,food & drinks,149.1347762,-35.1846599,2380,97
Vina Groceries,Gungahlin,retail,149.1366013,-35.18456507,18050,524
Wokitup! Gungahlin,Gungahlin,food & drinks,149.1351855,-35.1858901,1340,76
Yesmart,Gungahlin,food & drinks,149.1370419,-35.1846636,13830,396
Zehni's Turkish Kitchen,Gungahlin,food & drinks,149.1343913,-35.18586602,890,37
Siam Twist,Hackett,food & drinks,149.1630676,-35.2483739,380,12
1882 Hall,Hall,food & drinks,149.0705762,-35.1708024,1070,24
Salut! Baroque,Hall,things to do,149.0719164,-35.1700763,490,14
Apex Driving School,Harrison,things to do,149.1520997,-35.1925966,470,10
BD Dine,Harrison,food & drinks,149.1498545,-35.2006031,2180,57
Curves Gungahlin,Harrison,personal care,149.149657,-35.2012318,20,1
Hualong Supermarket,Harrison,retail,149.149657,-35.2012318,61300,1584
Mel Hill Photography,Harrison,retail,149.1492666,-35.2019534,4770,100
Nucy Thai Massage,Harrison,retail,149.1578445,-35.1960519,270,6
The Healthy Eating Clinic — Harrison,Harrison,personal care,149.1496824,-35.2005917,120,3
Beijing House Chinese Restaurant,Hawker,food & drinks,149.0430583,-35.2429517,2540,70
Hawka Thai Massage Centre,Hawker,personal care,149.04363,-35.243154,1710,36
Olive at Hawker,Hawker,food & drinks,149.0434623,-35.2434498,650,15
Foodworks Holder,Holder,food & drinks,149.0441674,-35.3366446,840,31
Bunny Beans Cafe,Holt,food & drinks,149.0192077,-35.2207692,510,23
Canberra Halal Market Kippax,Holt,retail,149.0183338,-35.2219216,500,10
Elite Meats,Holt,retail,149.0193863,-35.2218013,3390,82
ICHI Cafe,Holt,food & drinks,149.0199532,-35.2223388,40,3
Kippax Asian Grocer,Holt,food & drinks,149.0195448,-35.2220159,4880,175
Kippax Chinese Medicine Clinic,Holt,personal care,149.0192077,-35.2207692,630,19
My Value,Holt,retail,149.0199532,-35.2223388,1020,28
NewsXpress Kippax Fair,Holt,retail,149.0193863,-35.2218013,170,4
Quan's Kitchen,Holt,food & drinks,149.019269,-35.2203905,1250,42
Sparkling Nails Beauty,Holt,personal care,149.0199532,-35.2223388,410,19
Wattlebird Canberra,Holt,things to do,149.0114294,-35.224764,660,15
Barbell Foods,Hume,food & drinks,149.1597064,-35.3943238,50,1
Hair & Makeup Artistry By Nicole,Hume,personal care,149.1677414,-35.39075984,100,2
Signage Factor,Hume,retail,149.1661264,-35.3928456,100,2
Supersweet Pastry,Isaacs,food & drinks,149.1117668,-35.3678715,410,15
Capital Chemist Isabella Plains,Isabella Plains,retail,149.091575,-35.4285511,1110,37
Curves Belconnen,Jamison Centre,personal care,149.0721892,-35.2528302,50,1
Awesome Noodle Asian Cuisine,Kaleen,food & drinks,149.1028304,-35.2340491,570,18
Australian Essences — Women's Natural Health Clinic,Kambah,personal care,149.0666463,-35.3825841,310,8
Bellelis Australia,Kambah,retail,149.0501496,-35.3831876,5600,139
Bewitched Flowers & Gifts,Kambah,retail,149.0501496,-35.3831876,570,17
Bidgee Golf Shop,Kambah,retail,149.038432,-35.3855214,8900,198
Brew Your Own at Home,Kambah,retail,149.0578813,-35.3806661,670,14
Capital Chemist Kambah,Kambah,retail,149.0575557,-35.3798858,570,22
Crafty Frog,Kambah,retail,149.0662155,-35.3791389,5630,139
IGA Drakeford Supermarket,Kambah,retail,149.0684844,-35.3931445,5530,181
Looking For Gamers (LFG) Australia,Kambah,retail,149.0578943,-35.3806121,1490,31
Lotus Skin & Beauty,Kambah,personal care,149.0501729,-35.3831687,650,13
Murrumbidgee Country Club,Kambah,food & drinks,149.038432,-35.3855214,6010,122
On The Grind Canberra Cafe,Kambah,food & drinks,149.0684926,-35.3930138,20,2
Spring Garden Chinese Restaurant,Kambah,food & drinks,149.0578263,-35.3806694,290,9
Star Buffet,Kambah,food & drinks,149.0588908,-35.3815139,4820,161
45 90 Framing & Gallery,Kingston,retail,149.14027,-35.315968,1340,28
7th & Bake Patisserie Cafe,Kingston,food & drinks,149.1470768,-35.3133797,260,15
Beef & Barley,Kingston,food & drinks,149.1471622,-35.3139653,350,11
Brodburger,Kingston,food & drinks,149.143675,-35.3115562,1660,90
Canberra Glassworks,Kingston,retail,149.143675,-35.3115562,150,3
Capital Chemist Kingston,Kingston,retail,149.1415394,-35.31570969,330,8
Caribou Kingston,Kingston,food & drinks,149.141604,-35.31540173,60,2
Chong Co Thai Kingston,Kingston,food & drinks,149.146169,-35.31198519,1490,46
Cinnarbar,Kingston,food & drinks,149.1471622,-35.3139653,1910,72
CocoNine,Kingston,food & drinks,149.1464197,-35.3123839,1110,35
EasiMart Kingston,Kingston,retail,149.1471622,-35.3139653,13600,548
GoBoat Canberra,Kingston,things to do,149.1467866,-35.311226,450,9
H2O Medi Spa,Kingston,personal care,149.1456468,-35.3129687,680,16
Local Press Wholefoods,Kingston,food & drinks,149.1456508,-35.3129702,110,5
Lys Nails,Kingston,things to do,149.1404342,-35.3134322,270,8
Magoo's Cafe & Bar,Kingston,food & drinks,149.1460592,-35.311797,110,6
Penny University Cafe,Kingston,food & drinks,149.1406634,-35.3162859,320,17
Scott Leggo,Kingston,retail,149.1423918,-35.3156691,800,19
Silo Bakery,Kingston,food & drinks,149.1404237,-35.3157855,870,49
SportsTec Clinic,Kingston,personal care,149.1456506,-35.3129704,880,22
Sushi Go,Kingston,food & drinks,149.1405234,-35.3162384,880,34
Thai Chiang Rai Kingston,Kingston,food & drinks,149.1406865,-35.3154921,850,30
The Book Cow,Kingston,retail,149.142359,-35.3157693,1340,41
The Dock Kingston,Kingston,food & drinks,149.1464197,-35.3123839,890,28
The Durham Castle Arms,Kingston,food & drinks,149.1413808,-35.3157956,600,20
The Warehouse Roast Tap Brew,Kingston,food & drinks,O’Connor ACT 2602,-35.3168171,40,3
Thirty8 Espresso,Kingston,food & drinks,149.1459653,-35.3116208,130,8
Tokyo Canteen,Kingston,food & drinks,149.1424256,-35.3163767,410,17
Turkish Delight Kingston,Kingston,food & drinks,149.1457753,-35.3129422,270,11
Walt & Burley,Kingston,food & drinks,149.1452758,-35.31047292,480,18
Chinese Inn Restaurant,Kippax Centre,food & drinks,149.0193863,-35.2218013,7000,223
KC Kicks,Lawson,retail,149.0894227,-35.2329474,620,13
Capital Chemist Lyneham,Lyneham,retail,149.1250304,-35.2524651,4080,135
China Tea Club,Lyneham,food & drinks,149.1247624,-35.2396602,1260,42
Foundation Beauty Therapy,Lyneham,retail,149.12513,-35.252789,410,12
Mels Massage,Lyneham,personal care,149.128215,-35.2415926,3460,75
The Front,Lyneham,food & drinks,149.1247613,-35.2521562,470,29
The Old Canberra Inn,Lyneham,food & drinks,149.1261966,-35.2438597,620,35
Yowani Golf Shop,Lyneham,retail,149.134867,-35.2421296,3500,77
Lyons Friendly Grocer,Lyons,retail,149.0766746,-35.3391283,1430,54
Stand By Me,Lyons,food & drinks,149.076555,-35.3391844,200,11
The Allergy Centre,Macquarie,retail,149.0714774,-35.2527749,2750,76
Discount Hut,Macquarie,retail,149.0720641,-35.2529636,550,28
Gungahlin & Jamison Plaza Travel Associates,Macquarie,accommodation,149.0709855,-35.2532181,19160,385
Jamison Travel,Macquarie,accommodation,149.0729228,-35.2522898,1860,38
Pizza Artigiana,Macquarie,food & drinks,149.0729228,-35.2522898,1140,39
Caffe Cherry Beans Majura Park,Majura,food & drinks,149.1909118,-35.2992128,200,9
Majura Massage,Majura,retail,149.1909118,-35.2992128,1690,35
Oporto Majura Park,Majura,food & drinks,149.1897653,-35.2992838,380,24
Oxygen Essentials For Life,Majura,retail,149.1903758,-35.3001906,530,14
The Coffee Club Majura Park,Majura,food & drinks,149.1897653,-35.2992838,500,29
Zambrero Majura Park,Majura,food & drinks,149.1888614,-35.2992671,80,7
Alexander Fax Booksellers,Mawson,retail,149.094368,-35.3647429,90,3
Green Bamboo Vietnamese Restaurant,Mawson,food & drinks,149.0983469,-35.3552718,540,15
Iron Chef Chinese & Malaysian Restaurant,Mawson,food & drinks,149.0940258,-35.3650084,2810,86
Let's Be Natural,Mawson,food & drinks,149.0941587,-35.3656945,5780,160
Savers Bazaar,Mawson,retail,149.0941587,-35.3656945,480,32
Subway Mawson/Conder,Mawson,food & drinks,149.0951263,-35.3657483,160,16
The Mawson Club,Mawson,food & drinks,149.0955989,-35.3659994,550,30
Raijin Japanese Cuisine,Mckellar,food & drinks,149.0741782,-35.2178473,1840,54
Delhi to Canberra Indian Resturant,Melba,food & drinks,149.0487152,-35.2085595,1460,38
Altina Drinks,Mitchell,food & drinks,149.1375245,-35.2165555,3250,67
Bestore,Mitchell,retail,149.14453,-35.2204521,35900,877
Burger Hero Mitchell Takeaway,Mitchell,food & drinks,149.1403765,-35.2180737,120,9
DR Print & Sign,Mitchell,things to do,149.1448067,-35.2171937,610,15
Functional Fitness,Mitchell,personal care,149.1399645,-35.210358,430,11
Gommy's Cafe,Mitchell,food & drinks,149.1380832,-35.2143761,270,12
Metaphysica,Mitchell,things to do,149.1399907,-35.2184411,710,18
Mr Warehouse,Mitchell,food & drinks,149.1389959,-35.2104611,6160,124
Pure Gelato ACT,Mitchell,food & drinks,149.1449429,-35.21627929,70,2
Rice & Things Takeaway,Mitchell,food & drinks,149.1426824,-35.2191765,510,23
Riddle Room,Mitchell,things to do,149.1380955,-35.2145224,2940,90
Fairy Legends,Moncrieff,accommodation,149.102169,-35.1501787,920,20
Knuckles German Restaurant,Narrabundah,food & drinks,149.1516758,-35.339023,290,9
Mint Rd Cafe,Narrabundah,food & drinks,149.1537566,-35.3328842,10,1
Caffe Cherry Beans Casey,Ngunnawal,food & drinks,149.0958207,-35.1743677,320,13
Mirchi,Ngunnawal,food & drinks,149.1201416,-35.1741873,2820,77
Spar Express Ngunnawal,Ngunnawal,retail,149.108155,-35.173951,1290,45
Adore Tea,Nicholls,food & drinks,149.085258,-35.1906631,1870,76
Carlee Childrens Wear,Nicholls,retail,149.085201,-35.190655,670,20
Express Travel Services,Nicholls,accommodation,149.1024268,-35.1889037,2900,62
Gungahlin Lakes Golf Pro Shop,Nicholls,retail,149.1195198,-35.1863131,16760,350
Katsu Nicholls Takeaway,Nicholls,food & drinks,149.0985506,-35.183516,130,5
Mini Golf Federation Square,Nicholls,things to do,149.085201,-35.190655,10,1
Nicholls Chinese Food,Nicholls,food & drinks,149.0985291,-35.18334059,2050,61
Nicholls IGA Supermarket,Nicholls,retail,149.0985703,-35.1831529,2740,92
Stripey Sundae,Nicholls,food & drinks,149.0855216,-35.192223,60,4
Under The Mistletoe,Nicholls,retail,149.0852039,-35.1905884,1180,31
Capital Chemist O'Connor,O'Connor,retail,149.1226043,-35.2638905,1680,62
Kopiku,O'Connor,food & drinks,149.1223817,-35.2640227,440,21
Slow Beauty Eco Salon,O'Connor,retail,149.1174954,-35.2619151,270,6
The Duxton O'Connor,O'Connor,food & drinks,149.1222852,-35.2643196,540,21
The Verandah,O'Connor,food & drinks,149.1061424,-35.25742799,80,3
Urban Jungle Cbr,O'Connor,retail,149.1225145,-35.264031,2750,73
Quintessence Nail & Beauty,Page,personal care,149.0522998,-35.2396221,670,16
Shine Om,Page,personal care,149.0453758,-35.2406438,50,1
Capital Chemist Palmerston,Palmerston,retail,149.1182755,-35.1972244,380,15
The Curatoreum,Parkes,retail,149.1338349,-35.2998693,2100,54
Saigon Restaurant,Pearce,food & drinks,149.0815016,-35.3625429,270,6
4 Corners Picture Framers,Phillip,retail,149.0888718,-35.3524858,1430,33
606 Asian Supermarket,Phillip,retail,149.0861046,-35.3448084,8770,272
Asian Noodle House Woden,Phillip,food & drinks,149.0843098,-35.3404121,1620,65
Asian Provisions,Phillip,food & drinks,149.0874498,-35.3528169,5250,183
Au Lac Vegan Cuisine,Phillip,food & drinks,149.0860576,-35.3463199,2160,75
Aussie Windscreens,Phillip,retail,149.0868683,-35.3520721,470,10
Bellchambers Music School,Phillip,things to do,149.0886967,-35.3525249,11100,225
Belluci's Woden,Phillip,food & drinks,149.0843111,-35.3401898,1440,40
Buvelot Picture Framers,Phillip,retail,149.0894308,-35.3523238,1570,34
Canberra Martial Arts & Fitness,Phillip,things to do,149.0875394,-35.3514976,3700,83
Canberra School of Photography,Phillip,things to do,149.088319,-35.3536846,200,4
Canberra Sewing,Phillip,retail,149.086775,-35.3522516,520,14
Chatime,Phillip,food & drinks,149.0846978,-35.3464231,770,61
Chinese Kitchen Dumpling House,Phillip,food & drinks,149.0860576,-35.3463199,2630,102
Discount Grocery Store,Phillip,retail,149.0871925,-35.3541011,6770,146
Dumpling Social,Phillip,food & drinks,149.0874825,-35.346542,2850,89
Enliven Infrared Saunas,Phillip,personal care,149.0897016,-35.354286,140,4
Escape Rooms Canberra,Phillip,things to do,149.0877217,-35.3539751,1330,34
Ginseng @ Hellenic,Phillip,food & drinks,149.0868355,-35.34194664,70,2
Hair Crew,Phillip,personal care,149.0860576,-35.3463199,1620,38
Indian Affair Restaurant,Phillip,food & drinks,149.0878874,-35.3527192,1020,29
KimoYes,Phillip,retail,149.087824,-35.354804,380,12
Kwik Kopy Phillip,Phillip,retail,149.0876226,-35.3514764,50,1
La Beaute Hair Salon,Phillip,personal care,149.0860576,-35.3463199,200,4
La Beaute Hair Salon/Barberology,Phillip,personal care,149.0851433,-35.3452449,300,9
Little Sprout,Phillip,retail,149.0894252,-35.3523496,9780,225
Ming's Restaurant Chinese & Malaysian,Phillip,food & drinks,149.0863561,-35.3506544,2570,83
OfficeEssential Office National,Phillip,retail,149.0868561,-35.3499296,520,15
Rashays Woden,Phillip,food & drinks,149.0858947,-35.3460898,3530,126
Sharetea Woden,Phillip,food & drinks,149.0869152,-35.3467936,330,31
Smart Dollar Woden,Phillip,retail,149.087019,-35.34286244,580,29
Sophie Edwards Music,Phillip,things to do,149.0868669,-35.3441316,20,1
"Soul Origin Woden, Canberra Outlet & Tuggeranong",Phillip,food & drinks,149.0858947,-35.3460898,590,45
The Stitching Room,Phillip,retail,149.0890863,-35.3524366,900,28
Tyreplus Phillip/Woden Tyre & Exhaust,Phillip,retail,149.0860696,-35.3511343,2370,48
Urban Bean Woden,Phillip,food & drinks,149.0852621,-35.3427416,50,5
Wokitup! Philip,Phillip,food & drinks,149.0888389,-35.3499639,770,38
Zambrero Woden,Phillip,food & drinks,149.0851433,-35.3452449,60,4
Australian Capital Health Centre of Traditional Chinese Medicine,Phillip,personal care,149.0838386,-35.34498167,1700,39
Gourmet House Woden,Phillip,food & drinks,149.0860576,-35.3463199,50,5
New York Nails Spa & Beauty,Phillip,personal care,149.0863137,-35.3452323,540,19
Pivotal IT Solutions,Phillip,retail,149.0866928,-35.3496473,480,12
ProfessioNail Woden,Phillip,personal care,149.0860576,-35.3463199,1530,49
San Churro Woden,Phillip,food & drinks,149.0869152,-35.3467936,1270,86
Savoury Kitchen Woden,Phillip,food & drinks,149.0860576,-35.3463199,1040,49
The Coffee Club Woden,Phillip,food & drinks,149.0860576,-35.3463199,570,25
Balloon Aloft Canberra,Pialligo,things to do,149.1835273,-35.3148252,100,2
Bliss Garden & Giftware,Pialligo,retail,149.1792195,-35.30464867,1340,30
Bread & Butter Cafe,Pialligo,food & drinks,149.1898778,-35.3130666,4070,176
Farmshop Cafe,Pialligo,food & drinks,149.1802193,-35.3067972,210,11
Kitchen Garden at Rodney's + Pialligo Food Emporium,Pialligo,food & drinks,149.1856861,-35.3108659,950,55
Pink Flamingo Interiors,Pialligo,retail,149.1802193,-35.3067972,10,1
Rodney's Plants Plus,Pialligo,retail,149.1856861,-35.3108659,4550,107
Wren & Rabbit Interiors,Pialligo,retail,149.1802193,-35.3067972,20,1
Onred,Red Hill,food & drinks,149.1138234,-35.3240926,350,7
CITSA,Reid,food & drinks,149.1376463,-35.2859601,480,13
The Outdoor Table,Rivett,retail,149.038,-35.348,530,12
La Casetta Pizzeria,Scullin,food & drinks,149.0404005,-35.2338017,90,5
Saara Holidays,Scullin,accommodation,149.0356495,-35.2363799,450,9
"The Barracks, Lanyon Homestead",Tharwa,food & drinks,149.091038,-35.473211,10,1
OMG Decadent Donuts,Torrens,food & drinks,149.0879827,-35.3731711,500,29
Smogue,Torrens,food & drinks,149.0871027,-35.3726737,240,6
artKids Canberra,Turner,things to do,149.1272955,-35.2662892,6810,140
Polo Restaurant,Turner,food & drinks,149.1233261,-35.2648791,830,30
Top Cyber Cafe,Turner,retail,149.1266451,-35.275172,580,14
Wenyang Family Trust,Turner,personal care,149.1273517,-35.2625182,2400,56
Barbeque Nation,Wanniassa,food & drinks,149.1004681,-35.4052739,1550,39
Blossoms of Canberra,Wanniassa,retail,149.0982882,-35.4041625,100,6
Caffe Cherry Beans Erindale,Wanniassa,food & drinks,149.0986639,-35.4036417,90,3
Crust Erindale,Wanniassa,food & drinks,149.0994798,-35.4058291,320,17
EasilyManaged Fitness,Wanniassa,personal care,149.085496,-35.3911923,100,2
Johneys Kitchen,Wanniassa,food & drinks,149.0986639,-35.4036417,120,3
La Piazza Cafe/Restaurant,Wanniassa,food & drinks,149.1004089,-35.405273,170,4
Lis Dumpling Inn,Wanniassa,food & drinks,149.1004089,-35.405273,280,10
Olympian Games,Wanniassa,retail,149.0805224,-35.3984297,1160,25
Propaganda Bistro,Wanniassa,food & drinks,149.1004089,-35.405273,690,19
Punjabihut Indian Restaurant,Wanniassa,food & drinks,149.100364,-35.4059194,1010,34
The Markets Wanniassa,Wanniassa,retail,149.0854916,-35.3913181,3970,106
Capital Chemist Waramanga,Waramanga,retail,149.0591149,-35.3527691,1200,36
Hyde Away Cafe Waramanga,Waramanga,food & drinks,149.0591887,-35.3527727,100,6
Satay Kitchen,Waramanga,food & drinks,149.0594387,-35.3527203,500,15
Canberra Potters Society,Watson,retail,149.1557134,-35.2315793,560,16
Cuptain Planet,Watson,retail,149.1564313,-35.2353563,2910,69
Edglit,Watson,retail,149.153333,-35.238333,50,1
Soul Cartel,Watson,food & drinks,149.150289,-35.240391,4360,98
The Knox Made In Watson,Watson,food & drinks,149.1536072,-35.2388065,2300,113
Watson Pharmacy,Watson,retail,149.1532568,-35.2390662,120,3
Lahori Gate Canberra,Weetangera,food & drinks,149.0490246,-35.2490477,40,2
Cafe Au Lait,Weston,food & drinks,149.0524619,-35.3412371,430,23
Canberra Irish Club,Weston,food & drinks,149.0561563,-35.3431675,410,22
CC Beauty Centre,Weston,personal care,149.0526436,-35.3412617,640,19
Curves Weston,Weston,personal care,149.0526436,-35.3412617,430,12
Masala Hut Indian Restaurant,Weston,food & drinks,149.052408,-35.3420125,2110,69
Subway Weston,Weston,food & drinks,149.0521207,-35.3397876,870,32
Thai House Restaurant,Weston,food & drinks,149.052533,-35.342145,680,21
Weston Asian Grocery,Weston,retail,149.0520882,-35.3416159,11590,339
Canberra Music Tuition,Weston,things to do,149.0525096,-35.3420783,3540,77
Ginger Catering at NAC,Weston,food & drinks,149.06927,-35.2878894,200,7
Meating Room,Weston,food & drinks,149.0526406,-35.3397644,770,28
National Zoo & Aquarium,Weston,things to do,149.0789177,-35.3103193,12240,261
That Gelato Place,Weston,food & drinks,149.0526436,-35.3412617,400,20
11:11 Health & Wellbeing,Wright,personal care,149.0323008,-35.3204189,100,2
Pearl Hair & Beauty Services,Wright,personal care,149.0279856,-35.3100035,1540,35
Aeon Academy,Yarralumla,things to do,149.1021454,-35.3068178,250,5
Beess & Co Cafe,Yarralumla,food & drinks,149.097446,-35.3073569,470,15
Bentham St Bar & Pizza,Yarralumla,food & drinks,149.097446,-35.3073569,380,14
Nunie,Yarralumla,retail,149.097446,-35.3073569,1420,29
Yarralumla Play Station,Yarralumla,things to do,149.0912667,-35.2935193,20,1
